INSERT INTO country(id, name) VALUES ('728b627a-a736-11eb-bcbc-0242ac130002', 'Spain');
INSERT INTO country(id, name) VALUES ('728b64c8-a736-11eb-bcbc-0242ac130002', 'Germany');
INSERT INTO country(id, name) VALUES ('728b675c-a736-11eb-bcbc-0242ac130002', 'Italy');
INSERT INTO country(id, name) VALUES ('728b6860-a736-11eb-bcbc-0242ac130002', 'France');
INSERT INTO country(id, name) VALUES ('728b6932-a736-11eb-bcbc-0242ac130002', 'Japan');
INSERT INTO country(id, name) VALUES ('728b69f0-a736-11eb-bcbc-0242ac130002', 'Norway');

INSERT INTO brand(id, name) VALUES ('023ec506-a737-11eb-bcbc-0242ac130002', 'BMW');
INSERT INTO brand(id, name) VALUES ('023ec98e-a737-11eb-bcbc-0242ac130002', 'Mercedes');
INSERT INTO brand(id, name) VALUES ('023eca92-a737-11eb-bcbc-0242ac130002', 'Audi');
INSERT INTO brand(id, name) VALUES ('023ecb50-a737-11eb-bcbc-0242ac130002', 'Opel');
INSERT INTO brand(id, name) VALUES ('023ecc18-a737-11eb-bcbc-0242ac130002', 'Seat');
INSERT INTO brand(id, name) VALUES ('023eccd6-a737-11eb-bcbc-0242ac130002', 'Lamborghini');

INSERT INTO car (id, brand_id, country_id, createdat, lastupdated, registration, deleted) VALUES ('bd880d7c-a737-11eb-bcbc-0242ac130002', '023ec506-a737-11eb-bcbc-0242ac130002', '728b627a-a736-11eb-bcbc-0242ac130002', '2021-03-23 11:54:40', '2021-03-23 11:54:40', '2021-03-23 11:54:40', false);
INSERT INTO car (id, brand_id, country_id, createdat, lastupdated, registration, deleted) VALUES ('bd880fac-a737-11eb-bcbc-0242ac130002', '023ec98e-a737-11eb-bcbc-0242ac130002', '728b64c8-a736-11eb-bcbc-0242ac130002', '2021-03-23 11:54:40', '2021-03-23 11:54:40', '2021-03-23 11:54:40', false);
INSERT INTO car (id, brand_id, country_id, createdat, lastupdated, registration, deleted) VALUES ('bd8813d0-a737-11eb-bcbc-0242ac130002', '023eca92-a737-11eb-bcbc-0242ac130002', '728b675c-a736-11eb-bcbc-0242ac130002', '2021-03-23 11:54:40', '2021-03-23 11:54:40', '2021-03-23 11:54:40', false);
INSERT INTO car (id, brand_id, country_id, createdat, lastupdated, registration, deleted) VALUES ('bd8816b4-a737-11eb-bcbc-0242ac130002', '023ecb50-a737-11eb-bcbc-0242ac130002', '728b6860-a736-11eb-bcbc-0242ac130002', '2021-03-23 11:54:40', '2021-03-23 11:54:40', '2021-03-23 11:54:40', false);
INSERT INTO car (id, brand_id, country_id, createdat, lastupdated, registration, deleted) VALUES ('bd881790-a737-11eb-bcbc-0242ac130002', '023ecc18-a737-11eb-bcbc-0242ac130002', '728b6932-a736-11eb-bcbc-0242ac130002', '2021-03-23 11:54:40', '2021-03-23 11:54:40', '2021-03-23 11:54:40', false);
INSERT INTO car (id, brand_id, country_id, createdat, lastupdated, registration, deleted) VALUES ('bd881948-a737-11eb-bcbc-0242ac130002', '023eccd6-a737-11eb-bcbc-0242ac130002', '728b69f0-a736-11eb-bcbc-0242ac130002', '2021-03-23 11:54:40', '2021-03-23 11:54:40', '2021-03-23 11:54:40', false);
INSERT INTO car (id, brand_id, country_id, createdat, lastupdated, registration, deleted) VALUES ('bd881949-a737-11eb-bcbc-0242ac130002', '023eccd6-a737-11eb-bcbc-0242ac130002', '728b69f0-a736-11eb-bcbc-0242ac130002', '2021-03-23 11:54:40', '2021-03-23 11:54:40', '2021-03-23 11:54:40', true);